{
    "version": 3,
    "parameters": {
        "learningRate": 0.05,
        "forgetRate": 0.8,
        "collisionThreshold": 0.65,
        "motorThreshold": 1,
        "reverseThreshold": 2
    },
    "connectivities": {
        "1": {
            "0": {
                "0": 5.963987488315939e-225,
                "1": 2.3762239403884378e-225,
                "2": 2.295303926758613e-225,
                "3": 2.27589530008079e-225,
                "4": 5.482268425920425e-225,
                "5": 2.4111430376921715e-225,
                "6": 2.2384478395725227e-225,
                "7": 3.689648303502995e-225
            },
            "1": {
                "0": 0.08840716597907844,
                "1": 0.034137004761726805,
                "2": 0.0343035569146048,
                "3": 0.034967630361047414,
                "4": 0.0807482054423351,
                "5": 0.0341482607114711,
                "6": 0.03522172042814003,
                "7": 0.0608660578704959
            },
            "2": {
                "0": 0.08840716597907844,
                "1": 0.034137004761726805,
                "2": 0.0343035569146048,
                "3": 0.034967630361047414,
                "4": 0.0807482054423351,
                "5": 0.0341482607114711,
                "6": 0.03522172042814003,
                "7": 0.0608660578704959
            }
        },
        "2": {
            "0": {
                "0": 1.0,
                "2": 1.0
            }
        },
        "3": {
            "0": {
                "0": 1.0
            },
            "1": {
                "2": 1.0
            }
        }
    }
}